Algorithm,Mapping,Processes,MessageSize,Latency
Chain,core,2,#,OSU
Chain,core,2,#,Datatype:
Chain,core,2,#,Size
Chain,core,2,1,0.15
Chain,core,2,2,0.14
Chain,core,2,4,0.16
Chain,core,2,8,0.14
Chain,core,2,16,0.15
Chain,core,2,32,0.14
Chain,core,2,64,0.15
Chain,core,2,128,0.21
Chain,core,2,256,0.21
Chain,core,2,512,0.23
Chain,core,2,1024,0.25
Chain,core,2,2048,0.31
Chain,core,2,4096,0.39
Chain,core,2,8192,0.55
Chain,core,2,16384,4.42
Chain,core,2,32768,4.53
Chain,core,2,65536,6.01
Chain,core,2,131072,10.04
Chain,core,6,#,OSU
Chain,core,6,#,Datatype:
Chain,core,6,#,Size
Chain,core,6,1,0.32
Chain,core,6,2,0.33
Chain,core,6,4,0.32
Chain,core,6,8,0.34
Chain,core,6,16,0.33
Chain,core,6,32,0.34
Chain,core,6,64,0.33
Chain,core,6,128,0.59
Chain,core,6,256,0.62
Chain,core,6,512,0.68
Chain,core,6,1024,0.77
Chain,core,6,2048,1.09
Chain,core,6,4096,1.58
Chain,core,6,8192,2.70
Chain,core,6,16384,6.36
Chain,core,6,32768,10.71
Chain,core,6,65536,20.13
Chain,core,6,131072,40.77
Chain,core,10,#,OSU
Chain,core,10,#,Datatype:
Chain,core,10,#,Size
Chain,core,10,1,1.12
Chain,core,10,2,1.13
Chain,core,10,4,1.12
Chain,core,10,8,1.13
Chain,core,10,16,1.13
Chain,core,10,32,1.22
Chain,core,10,64,1.24
Chain,core,10,128,1.69
Chain,core,10,256,1.65
Chain,core,10,512,1.79
Chain,core,10,1024,1.82
Chain,core,10,2048,2.39
Chain,core,10,4096,3.23
Chain,core,10,8192,4.95
Chain,core,10,16384,9.99
Chain,core,10,32768,15.58
Chain,core,10,65536,28.73
Chain,core,10,131072,56.15
Chain,core,14,#,OSU
Chain,core,14,#,Datatype:
Chain,core,14,#,Size
Chain,core,14,1,1.21
Chain,core,14,2,1.12
Chain,core,14,4,1.13
Chain,core,14,8,1.12
Chain,core,14,16,1.14
Chain,core,14,32,1.25
Chain,core,14,64,1.27
Chain,core,14,128,1.83
Chain,core,14,256,1.78
Chain,core,14,512,1.92
Chain,core,14,1024,2.06
Chain,core,14,2048,2.79
Chain,core,14,4096,3.77
Chain,core,14,8192,6.06
Chain,core,14,16384,13.22
Chain,core,14,32768,20.78
Chain,core,14,65536,38.69
Chain,core,14,131072,75.93
Chain,core,18,#,OSU
Chain,core,18,#,Datatype:
Chain,core,18,#,Size
Chain,core,18,1,1.81
Chain,core,18,2,1.82
Chain,core,18,4,1.81
Chain,core,18,8,1.81
Chain,core,18,16,1.80
Chain,core,18,32,2.02
Chain,core,18,64,2.00
Chain,core,18,128,2.67
Chain,core,18,256,2.70
Chain,core,18,512,2.92
Chain,core,18,1024,3.05
Chain,core,18,2048,3.91
Chain,core,18,4096,5.21
Chain,core,18,8192,8.09
Chain,core,18,16384,18.36
Chain,core,18,32768,30.60
Chain,core,18,65536,58.20
Chain,core,18,131072,108.28
Chain,core,22,#,OSU
Chain,core,22,#,Datatype:
Chain,core,22,#,Size
Chain,core,22,1,1.82
Chain,core,22,2,1.83
Chain,core,22,4,1.81
Chain,core,22,8,1.81
Chain,core,22,16,1.80
Chain,core,22,32,2.01
Chain,core,22,64,1.99
Chain,core,22,128,2.81
Chain,core,22,256,2.72
Chain,core,22,512,2.99
Chain,core,22,1024,3.14
Chain,core,22,2048,4.09
Chain,core,22,4096,5.34
Chain,core,22,8192,8.37
Chain,core,22,16384,18.24
Chain,core,22,32768,28.58
Chain,core,22,65536,53.65
Chain,core,22,131072,103.69
Chain,core,26,#,OSU
Chain,core,26,#,Datatype:
Chain,core,26,#,Size
Chain,core,26,1,1.86
Chain,core,26,2,1.86
Chain,core,26,4,1.86
Chain,core,26,8,1.85
Chain,core,26,16,1.89
Chain,core,26,32,2.09
Chain,core,26,64,2.10
Chain,core,26,128,2.71
Chain,core,26,256,2.77
Chain,core,26,512,3.00
Chain,core,26,1024,3.20
Chain,core,26,2048,4.07
Chain,core,26,4096,5.21
Chain,core,26,8192,8.11
Chain,core,26,16384,20.22
Chain,core,26,32768,35.36
Chain,core,26,65536,57.22
Chain,core,26,131072,110.19
Chain,core,30,#,OSU
Chain,core,30,#,Datatype:
Chain,core,30,#,Size
Chain,core,30,1,1.91
Chain,core,30,2,1.90
Chain,core,30,4,1.91
Chain,core,30,8,1.90
Chain,core,30,16,1.90
Chain,core,30,32,2.16
Chain,core,30,64,2.17
Chain,core,30,128,2.81
Chain,core,30,256,2.88
Chain,core,30,512,3.13
Chain,core,30,1024,3.34
Chain,core,30,2048,4.28
Chain,core,30,4096,5.60
Chain,core,30,8192,8.89
Chain,core,30,16384,25.31
Chain,core,30,32768,36.26
Chain,core,30,65536,64.75
Chain,core,30,131072,122.81
Chain,core,34,#,OSU
Chain,core,34,#,Datatype:
Chain,core,34,#,Size
Chain,core,34,1,2.69
Chain,core,34,2,2.68
Chain,core,34,4,2.68
Chain,core,34,8,2.67
Chain,core,34,16,2.66
Chain,core,34,32,3.44
Chain,core,34,64,3.12
Chain,core,34,128,4.60
Chain,core,34,256,4.92
Chain,core,34,512,4.09
Chain,core,34,1024,4.34
Chain,core,34,2048,5.45
Chain,core,34,4096,7.14
Chain,core,34,8192,10.69
Chain,core,34,16384,27.88
Chain,core,34,32768,42.45
Chain,core,34,65536,74.41
Chain,core,34,131072,141.77
Chain,core,38,#,OSU
Chain,core,38,#,Datatype:
Chain,core,38,#,Size
Chain,core,38,1,2.88
Chain,core,38,2,2.86
Chain,core,38,4,3.05
Chain,core,38,8,3.99
Chain,core,38,16,3.24
Chain,core,38,32,3.60
Chain,core,38,64,3.25
Chain,core,38,128,3.98
Chain,core,38,256,4.39
Chain,core,38,512,4.34
Chain,core,38,1024,4.56
Chain,core,38,2048,6.07
Chain,core,38,4096,7.83
Chain,core,38,8192,11.64
Chain,core,38,16384,28.17
Chain,core,38,32768,42.26
Chain,core,38,65536,76.89
Chain,core,38,131072,146.76
Chain,core,42,#,OSU
Chain,core,42,#,Datatype:
Chain,core,42,#,Size
Chain,core,42,1,3.32
Chain,core,42,2,3.78
Chain,core,42,4,2.81
Chain,core,42,8,2.82
Chain,core,42,16,2.82
Chain,core,42,32,3.17
Chain,core,42,64,3.05
Chain,core,42,128,3.93
Chain,core,42,256,4.03
Chain,core,42,512,4.35
Chain,core,42,1024,4.55
Chain,core,42,2048,5.83
Chain,core,42,4096,7.71
Chain,core,42,8192,11.88
Chain,core,42,16384,30.77
Chain,core,42,32768,47.03
Chain,core,42,65536,82.68
Chain,core,42,131072,158.80
Chain,core,46,#,OSU
Chain,core,46,#,Datatype:
Chain,core,46,#,Size
Chain,core,46,1,3.59
Chain,core,46,2,3.19
Chain,core,46,4,3.71
Chain,core,46,8,3.15
Chain,core,46,16,3.26
Chain,core,46,32,3.36
Chain,core,46,64,3.33
Chain,core,46,128,4.59
Chain,core,46,256,4.59
Chain,core,46,512,4.90
Chain,core,46,1024,5.64
Chain,core,46,2048,6.49
Chain,core,46,4096,9.12
Chain,core,46,8192,12.63
Chain,core,46,16384,33.48
Chain,core,46,32768,51.74
Chain,core,46,65536,90.80
Chain,core,46,131072,173.40
Chain,core,50,#,OSU
Chain,core,50,#,Datatype:
Chain,core,50,#,Size
Chain,core,50,1,3.17
Chain,core,50,2,3.93
Chain,core,50,4,3.18
Chain,core,50,8,3.15
Chain,core,50,16,3.23
Chain,core,50,32,3.45
Chain,core,50,64,3.69
Chain,core,50,128,4.51
Chain,core,50,256,4.88
Chain,core,50,512,5.17
Chain,core,50,1024,6.12
Chain,core,50,2048,6.77
Chain,core,50,4096,9.22
Chain,core,50,8192,13.07
Chain,core,50,16384,35.17
Chain,core,50,32768,55.69
Chain,core,50,65536,99.23
Chain,core,50,131072,186.88
Chain,core,54,#,OSU
Chain,core,54,#,Datatype:
Chain,core,54,#,Size
Chain,core,54,1,3.31
Chain,core,54,2,3.32
Chain,core,54,4,3.32
Chain,core,54,8,3.35
Chain,core,54,16,3.32
Chain,core,54,32,4.17
Chain,core,54,64,3.65
Chain,core,54,128,5.73
Chain,core,54,256,4.85
Chain,core,54,512,5.38
Chain,core,54,1024,5.62
Chain,core,54,2048,7.82
Chain,core,54,4096,9.33
Chain,core,54,8192,13.79
Chain,core,54,16384,36.88
Chain,core,54,32768,56.82
Chain,core,54,65536,102.14
Chain,core,54,131072,193.10
Chain,core,58,#,OSU
Chain,core,58,#,Datatype:
Chain,core,58,#,Size
Chain,core,58,1,3.48
Chain,core,58,2,3.48
Chain,core,58,4,3.45
Chain,core,58,8,3.42
Chain,core,58,16,3.50
Chain,core,58,32,3.73
Chain,core,58,64,4.42
Chain,core,58,128,4.93
Chain,core,58,256,5.76
Chain,core,58,512,5.47
Chain,core,58,1024,5.80
Chain,core,58,2048,7.40
Chain,core,58,4096,9.44
Chain,core,58,8192,14.63
Chain,core,58,16384,38.99
Chain,core,58,32768,61.59
Chain,core,58,65536,107.51
Chain,core,58,131072,206.01
Chain,core,62,#,OSU
Chain,core,62,#,Datatype:
Chain,core,62,#,Size
Chain,core,62,1,3.74
Chain,core,62,2,3.72
Chain,core,62,4,3.64
Chain,core,62,8,3.60
Chain,core,62,16,3.71
Chain,core,62,32,4.84
Chain,core,62,64,4.47
Chain,core,62,128,5.16
Chain,core,62,256,5.56
Chain,core,62,512,6.16
Chain,core,62,1024,6.00
Chain,core,62,2048,7.83
Chain,core,62,4096,10.35
Chain,core,62,8192,15.02
Chain,core,62,16384,42.95
Chain,core,62,32768,66.15
Chain,core,62,65536,114.04
Chain,core,62,131072,219.48
Chain,core,66,#,OSU
Chain,core,66,#,Datatype:
Chain,core,66,#,Size
Chain,core,66,1,3.12
Chain,core,66,2,3.20
Chain,core,66,4,3.12
Chain,core,66,8,3.17
Chain,core,66,16,3.13
Chain,core,66,32,3.44
Chain,core,66,64,3.46
Chain,core,66,128,4.92
Chain,core,66,256,6.06
Chain,core,66,512,6.86
Chain,core,66,1024,6.12
Chain,core,66,2048,8.33
Chain,core,66,4096,9.94
Chain,core,66,8192,15.48
Chain,core,66,16384,45.49
Chain,core,66,32768,71.79
Chain,core,66,65536,122.93
Chain,core,66,131072,234.44
Chain,core,70,#,OSU
Chain,core,70,#,Datatype:
Chain,core,70,#,Size
Chain,core,70,1,3.73
Chain,core,70,2,3.83
Chain,core,70,4,4.26
Chain,core,70,8,3.78
Chain,core,70,16,4.61
Chain,core,70,32,4.14
Chain,core,70,64,4.91
Chain,core,70,128,7.37
Chain,core,70,256,5.95
Chain,core,70,512,6.04
Chain,core,70,1024,6.27
Chain,core,70,2048,8.40
Chain,core,70,4096,10.69
Chain,core,70,8192,16.30
Chain,core,70,16384,47.70
Chain,core,70,32768,73.94
Chain,core,70,65536,127.47
Chain,core,70,131072,241.99
Chain,core,74,#,OSU
Chain,core,74,#,Datatype:
Chain,core,74,#,Size
Chain,core,74,1,4.51
Chain,core,74,2,4.55
Chain,core,74,4,4.30
Chain,core,74,8,4.12
Chain,core,74,16,4.61
Chain,core,74,32,4.59
Chain,core,74,64,5.30
Chain,core,74,128,6.62
Chain,core,74,256,5.67
Chain,core,74,512,6.93
Chain,core,74,1024,6.66
Chain,core,74,2048,9.59
Chain,core,74,4096,11.16
Chain,core,74,8192,16.99
Chain,core,74,16384,49.70
Chain,core,74,32768,77.21
Chain,core,74,65536,133.10
Chain,core,74,131072,256.16
Chain,core,78,#,OSU
Chain,core,78,#,Datatype:
Chain,core,78,#,Size
Chain,core,78,1,6.68
Chain,core,78,2,5.07
Chain,core,78,4,6.29
Chain,core,78,8,7.23
Chain,core,78,16,4.82
Chain,core,78,32,5.00
Chain,core,78,64,4.94
Chain,core,78,128,6.10
Chain,core,78,256,6.16
Chain,core,78,512,6.90
Chain,core,78,1024,7.28
Chain,core,78,2048,9.53
Chain,core,78,4096,12.07
Chain,core,78,8192,18.29
Chain,core,78,16384,52.90
Chain,core,78,32768,81.73
Chain,core,78,65536,140.67
Chain,core,78,131072,264.76
Chain,core,82,#,OSU
Chain,core,82,#,Datatype:
Chain,core,82,#,Size
Chain,core,82,1,5.02
Chain,core,82,2,5.35
Chain,core,82,4,4.91
Chain,core,82,8,6.28
Chain,core,82,16,6.51
Chain,core,82,32,5.47
Chain,core,82,64,5.36
Chain,core,82,128,6.42
Chain,core,82,256,6.95
Chain,core,82,512,7.33
Chain,core,82,1024,7.65
Chain,core,82,2048,9.93
Chain,core,82,4096,12.77
Chain,core,82,8192,19.25
Chain,core,82,16384,57.13
Chain,core,82,32768,86.51
Chain,core,82,65536,152.68
Chain,core,82,131072,281.70
Chain,core,86,#,OSU
Chain,core,86,#,Datatype:
Chain,core,86,#,Size
Chain,core,86,1,5.45
Chain,core,86,2,5.70
Chain,core,86,4,5.63
Chain,core,86,8,7.33
Chain,core,86,16,6.12
Chain,core,86,32,7.34
Chain,core,86,64,6.18
Chain,core,86,128,7.12
Chain,core,86,256,7.05
Chain,core,86,512,9.14
Chain,core,86,1024,8.17
Chain,core,86,2048,10.16
Chain,core,86,4096,13.09
Chain,core,86,8192,19.83
Chain,core,86,16384,57.92
Chain,core,86,32768,89.85
Chain,core,86,65536,161.37
Chain,core,86,131072,289.72
Chain,core,90,#,OSU
Chain,core,90,#,Datatype:
Chain,core,90,#,Size
Chain,core,90,1,6.05
Chain,core,90,2,6.85
Chain,core,90,4,5.90
Chain,core,90,8,5.91
Chain,core,90,16,6.39
Chain,core,90,32,7.42
Chain,core,90,64,7.27
Chain,core,90,128,7.16
Chain,core,90,256,7.41
Chain,core,90,512,9.12
Chain,core,90,1024,8.36
Chain,core,90,2048,10.99
Chain,core,90,4096,13.46
Chain,core,90,8192,20.30
Chain,core,90,16384,59.46
Chain,core,90,32768,94.64
Chain,core,90,65536,165.35
Chain,core,90,131072,315.30
Chain,core,94,#,OSU
Chain,core,94,#,Datatype:
Chain,core,94,#,Size
Chain,core,94,1,7.29
Chain,core,94,2,6.72
Chain,core,94,4,6.50
Chain,core,94,8,6.37
Chain,core,94,16,7.90
Chain,core,94,32,6.86
Chain,core,94,64,6.45
Chain,core,94,128,8.54
Chain,core,94,256,7.66
Chain,core,94,512,8.56
Chain,core,94,1024,9.09
Chain,core,94,2048,11.37
Chain,core,94,4096,14.41
Chain,core,94,8192,21.31
Chain,core,94,16384,63.41
Chain,core,94,32768,100.14
Chain,core,94,65536,174.40
Chain,core,94,131072,326.10
Chain,core,98,#,OSU
Chain,core,98,#,Datatype:
Chain,core,98,#,Size
Chain,core,98,1,6.64
Chain,core,98,2,6.51
Chain,core,98,4,6.47
Chain,core,98,8,6.19
Chain,core,98,16,7.06
Chain,core,98,32,7.88
Chain,core,98,64,6.58
Chain,core,98,128,8.22
Chain,core,98,256,8.28
Chain,core,98,512,9.27
Chain,core,98,1024,10.64
Chain,core,98,2048,11.80
Chain,core,98,4096,15.04
Chain,core,98,8192,22.22
Chain,core,98,16384,65.62
Chain,core,98,32768,104.28
Chain,core,98,65536,183.80
Chain,core,98,131072,343.52
Chain,core,102,#,OSU
Chain,core,102,#,Datatype:
Chain,core,102,#,Size
Chain,core,102,1,6.87
Chain,core,102,2,6.39
Chain,core,102,4,6.34
Chain,core,102,8,7.83
Chain,core,102,16,7.00
Chain,core,102,32,8.24
Chain,core,102,64,6.46
Chain,core,102,128,7.97
Chain,core,102,256,8.00
Chain,core,102,512,8.86
Chain,core,102,1024,9.43
Chain,core,102,2048,11.91
Chain,core,102,4096,15.25
Chain,core,102,8192,22.87
Chain,core,102,16384,66.23
Chain,core,102,32768,104.26
Chain,core,102,65536,183.19
Chain,core,102,131072,346.95
Chain,core,106,#,OSU
Chain,core,106,#,Datatype:
Chain,core,106,#,Size
Chain,core,106,1,7.13
Chain,core,106,2,6.94
Chain,core,106,4,7.16
Chain,core,106,8,7.75
Chain,core,106,16,7.21
Chain,core,106,32,7.20
Chain,core,106,64,7.39
Chain,core,106,128,8.34
Chain,core,106,256,8.40
Chain,core,106,512,9.19
Chain,core,106,1024,9.72
Chain,core,106,2048,12.41
Chain,core,106,4096,15.77
Chain,core,106,8192,23.85
Chain,core,106,16384,68.27
Chain,core,106,32768,107.42
Chain,core,106,65536,191.63
Chain,core,106,131072,357.15
Chain,core,110,#,OSU
Chain,core,110,#,Datatype:
Chain,core,110,#,Size
Chain,core,110,1,12.36
Chain,core,110,2,7.36
Chain,core,110,4,7.92
Chain,core,110,8,7.04
Chain,core,110,16,7.14
Chain,core,110,32,7.46
Chain,core,110,64,7.32
Chain,core,110,128,8.73
Chain,core,110,256,8.78
Chain,core,110,512,9.78
Chain,core,110,1024,10.22
Chain,core,110,2048,13.12
Chain,core,110,4096,16.48
Chain,core,110,8192,24.42
Chain,core,110,16384,72.94
Chain,core,110,32768,114.73
Chain,core,110,65536,200.60
Chain,core,110,131072,370.64
Chain,core,114,#,OSU
Chain,core,114,#,Datatype:
Chain,core,114,#,Size
Chain,core,114,1,7.78
Chain,core,114,2,7.34
Chain,core,114,4,8.18
Chain,core,114,8,7.32
Chain,core,114,16,7.16
Chain,core,114,32,7.61
Chain,core,114,64,7.55
Chain,core,114,128,9.03
Chain,core,114,256,9.13
Chain,core,114,512,10.07
Chain,core,114,1024,10.48
Chain,core,114,2048,13.59
Chain,core,114,4096,17.32
Chain,core,114,8192,25.84
Chain,core,114,16384,77.14
Chain,core,114,32768,119.75
Chain,core,114,65536,211.64
Chain,core,114,131072,385.79
Chain,core,118,#,OSU
Chain,core,118,#,Datatype:
Chain,core,118,#,Size
Chain,core,118,1,8.00
Chain,core,118,2,8.61
Chain,core,118,4,8.60
Chain,core,118,8,7.72
Chain,core,118,16,7.64
Chain,core,118,32,10.23
Chain,core,118,64,8.07
Chain,core,118,128,9.72
Chain,core,118,256,9.51
Chain,core,118,512,10.60
Chain,core,118,1024,11.05
Chain,core,118,2048,14.13
Chain,core,118,4096,17.84
Chain,core,118,8192,26.39
Chain,core,118,16384,76.12
Chain,core,118,32768,118.84
Chain,core,118,65536,217.18
Chain,core,118,131072,399.35
Chain,core,122,#,OSU
Chain,core,122,#,Datatype:
Chain,core,122,#,Size
Chain,core,122,1,8.38
Chain,core,122,2,8.82
Chain,core,122,4,9.06
Chain,core,122,8,9.57
Chain,core,122,16,9.29
Chain,core,122,32,9.15
Chain,core,122,64,8.26
Chain,core,122,128,9.57
Chain,core,122,256,9.81
Chain,core,122,512,10.77
Chain,core,122,1024,11.20
Chain,core,122,2048,14.24
Chain,core,122,4096,18.67
Chain,core,122,8192,26.77
Chain,core,122,16384,83.15
Chain,core,122,32768,125.79
Chain,core,122,65536,224.17
Chain,core,122,131072,403.56
Chain,core,126,#,OSU
Chain,core,126,#,Datatype:
Chain,core,126,#,Size
Chain,core,126,1,11.54
Chain,core,126,2,10.06
Chain,core,126,4,8.50
Chain,core,126,8,8.06
Chain,core,126,16,8.51
Chain,core,126,32,8.78
Chain,core,126,64,9.43
Chain,core,126,128,9.87
Chain,core,126,256,10.18
Chain,core,126,512,11.15
Chain,core,126,1024,13.50
Chain,core,126,2048,16.41
Chain,core,126,4096,20.88
Chain,core,126,8192,27.86
Chain,core,126,16384,86.92
Chain,core,126,32768,128.94
Chain,core,126,65536,220.95
Chain,core,126,131072,419.33
Chain,core,130,#,OSU
Chain,core,130,#,Datatype:
Chain,core,130,#,Size
Chain,core,130,1,8.10
Chain,core,130,2,8.22
Chain,core,130,4,6.92
Chain,core,130,8,7.27
Chain,core,130,16,6.49
Chain,core,130,32,8.50
Chain,core,130,64,8.47
Chain,core,130,128,8.68
Chain,core,130,256,8.91
Chain,core,130,512,9.64
Chain,core,130,1024,10.19
Chain,core,130,2048,13.31
Chain,core,130,4096,19.52
Chain,core,130,8192,26.16
Chain,core,130,16384,85.42
Chain,core,130,32768,132.37
Chain,core,130,65536,232.50
Chain,core,130,131072,429.54
Chain,core,134,#,OSU
Chain,core,134,#,Datatype:
Chain,core,134,#,Size
Chain,core,134,1,8.83
Chain,core,134,2,7.36
Chain,core,134,4,7.16
Chain,core,134,8,7.14
Chain,core,134,16,7.48
Chain,core,134,32,9.00
Chain,core,134,64,9.02
Chain,core,134,128,9.20
Chain,core,134,256,10.10
Chain,core,134,512,10.62
Chain,core,134,1024,12.44
Chain,core,134,2048,15.61
Chain,core,134,4096,18.43
Chain,core,134,8192,27.06
Chain,core,134,16384,84.12
Chain,core,134,32768,138.41
Chain,core,134,65536,230.84
Chain,core,134,131072,433.86
Chain,core,138,#,OSU
Chain,core,138,#,Datatype:
Chain,core,138,#,Size
Chain,core,138,1,9.81
Chain,core,138,2,9.43
Chain,core,138,4,7.97
Chain,core,138,8,8.30
Chain,core,138,16,7.55
Chain,core,138,32,8.92
Chain,core,138,64,10.71
Chain,core,138,128,9.48
Chain,core,138,256,9.69
Chain,core,138,512,10.47
Chain,core,138,1024,11.24
Chain,core,138,2048,15.39
Chain,core,138,4096,19.01
Chain,core,138,8192,27.81
Chain,core,138,16384,88.72
Chain,core,138,32768,139.75
Chain,core,138,65536,235.81
Chain,core,138,131072,443.36
Chain,core,142,#,OSU
Chain,core,142,#,Datatype:
Chain,core,142,#,Size
Chain,core,142,1,9.46
Chain,core,142,2,9.93
Chain,core,142,4,8.86
Chain,core,142,8,10.02
Chain,core,142,16,10.70
Chain,core,142,32,10.58
Chain,core,142,64,9.93
Chain,core,142,128,10.35
Chain,core,142,256,11.21
Chain,core,142,512,11.53
Chain,core,142,1024,12.34
Chain,core,142,2048,17.44
Chain,core,142,4096,20.00
Chain,core,142,8192,29.78
Chain,core,142,16384,92.66
Chain,core,142,32768,148.32
Chain,core,142,65536,240.29
Chain,core,142,131072,454.55
Chain,core,146,#,OSU
Chain,core,146,#,Datatype:
Chain,core,146,#,Size
Chain,core,146,1,14.62
Chain,core,146,2,10.81
Chain,core,146,4,12.70
Chain,core,146,8,13.43
Chain,core,146,16,10.42
Chain,core,146,32,13.35
Chain,core,146,64,12.81
Chain,core,146,128,12.46
Chain,core,146,256,13.72
Chain,core,146,512,13.51
Chain,core,146,1024,14.41
Chain,core,146,2048,17.05
Chain,core,146,4096,21.05
Chain,core,146,8192,31.24
Chain,core,146,16384,93.38
Chain,core,146,32768,152.66
Chain,core,146,65536,249.26
Chain,core,146,131072,469.42
Chain,core,150,#,OSU
Chain,core,150,#,Datatype:
Chain,core,150,#,Size
Chain,core,150,1,10.92
Chain,core,150,2,11.39
Chain,core,150,4,13.38
Chain,core,150,8,11.08
Chain,core,150,16,10.58
Chain,core,150,32,13.16
Chain,core,150,64,13.37
Chain,core,150,128,13.32
Chain,core,150,256,13.18
Chain,core,150,512,12.74
Chain,core,150,1024,14.30
Chain,core,150,2048,17.03
Chain,core,150,4096,21.78
Chain,core,150,8192,32.20
Chain,core,150,16384,96.65
Chain,core,150,32768,153.96
Chain,core,150,65536,251.17
Chain,core,150,131072,473.90
Chain,core,154,#,OSU
Chain,core,154,#,Datatype:
Chain,core,154,#,Size
Chain,core,154,1,13.81
Chain,core,154,2,11.56
Chain,core,154,4,12.12
Chain,core,154,8,9.88
Chain,core,154,16,9.93
Chain,core,154,32,12.29
Chain,core,154,64,10.44
Chain,core,154,128,11.15
Chain,core,154,256,12.38
Chain,core,154,512,13.56
Chain,core,154,1024,13.26
Chain,core,154,2048,15.69
Chain,core,154,4096,19.99
Chain,core,154,8192,29.33
Chain,core,154,16384,93.91
Chain,core,154,32768,147.01
Chain,core,154,65536,251.37
Chain,core,154,131072,489.59
Chain,core,158,#,OSU
Chain,core,158,#,Datatype:
Chain,core,158,#,Size
Chain,core,158,1,11.63
Chain,core,158,2,13.78
Chain,core,158,4,15.07
Chain,core,158,8,11.47
Chain,core,158,16,11.31
Chain,core,158,32,13.13
Chain,core,158,64,11.89
Chain,core,158,128,13.52
Chain,core,158,256,13.61
Chain,core,158,512,13.13
Chain,core,158,1024,13.85
Chain,core,158,2048,17.11
Chain,core,158,4096,21.87
Chain,core,158,8192,33.16
Chain,core,158,16384,96.42
Chain,core,158,32768,153.41
Chain,core,158,65536,258.38
Chain,core,158,131072,499.11
Chain,core,162,#,OSU
Chain,core,162,#,Datatype:
Chain,core,162,#,Size
Chain,core,162,1,21.06
Chain,core,162,2,16.50
Chain,core,162,4,15.08
Chain,core,162,8,29.05
Chain,core,162,16,20.27
Chain,core,162,32,16.22
Chain,core,162,64,15.77
Chain,core,162,128,15.34
Chain,core,162,256,15.69
Chain,core,162,512,16.38
Chain,core,162,1024,17.62
Chain,core,162,2048,21.45
Chain,core,162,4096,25.38
Chain,core,162,8192,36.54
Chain,core,162,16384,112.81
Chain,core,162,32768,166.37
Chain,core,162,65536,274.22
Chain,core,162,131072,511.98
Chain,core,166,#,OSU
Chain,core,166,#,Datatype:
Chain,core,166,#,Size
Chain,core,166,1,17.89
Chain,core,166,2,17.01
Chain,core,166,4,16.69
Chain,core,166,8,15.00
Chain,core,166,16,14.67
Chain,core,166,32,15.93
Chain,core,166,64,17.87
Chain,core,166,128,15.79
Chain,core,166,256,15.93
Chain,core,166,512,16.90
Chain,core,166,1024,17.79
Chain,core,166,2048,21.05
Chain,core,166,4096,26.00
Chain,core,166,8192,36.21
Chain,core,166,16384,115.66
Chain,core,166,32768,164.59
Chain,core,166,65536,276.36
Chain,core,166,131072,519.55
Chain,core,170,#,OSU
Chain,core,170,#,Datatype:
Chain,core,170,#,Size
Chain,core,170,1,19.86
Chain,core,170,2,16.45
Chain,core,170,4,15.35
Chain,core,170,8,15.09
Chain,core,170,16,15.15
Chain,core,170,32,16.35
Chain,core,170,64,19.19
Chain,core,170,128,16.16
Chain,core,170,256,16.53
Chain,core,170,512,17.53
Chain,core,170,1024,18.12
Chain,core,170,2048,21.37
Chain,core,170,4096,26.08
Chain,core,170,8192,36.00
Chain,core,170,16384,114.76
Chain,core,170,32768,160.22
Chain,core,170,65536,271.17
Chain,core,170,131072,496.84
Chain,core,174,#,OSU
Chain,core,174,#,Datatype:
Chain,core,174,#,Size
Chain,core,174,1,15.31
Chain,core,174,2,16.31
Chain,core,174,4,13.05
Chain,core,174,8,12.72
Chain,core,174,16,12.60
Chain,core,174,32,13.95
Chain,core,174,64,14.42
Chain,core,174,128,13.83
Chain,core,174,256,13.93
Chain,core,174,512,14.57
Chain,core,174,1024,16.38
Chain,core,174,2048,21.07
Chain,core,174,4096,24.41
Chain,core,174,8192,35.23
Chain,core,174,16384,110.43
Chain,core,174,32768,155.76
Chain,core,174,65536,264.24
Chain,core,174,131072,506.04
Chain,core,178,#,OSU
Chain,core,178,#,Datatype:
Chain,core,178,#,Size
Chain,core,178,1,12.29
Chain,core,178,2,13.72
Chain,core,178,4,13.39
Chain,core,178,8,12.01
Chain,core,178,16,13.88
Chain,core,178,32,14.02
Chain,core,178,64,13.54
Chain,core,178,128,13.51
Chain,core,178,256,17.69
Chain,core,178,512,14.89
Chain,core,178,1024,16.08
Chain,core,178,2048,19.00
Chain,core,178,4096,24.69
Chain,core,178,8192,44.18
Chain,core,178,16384,111.22
Chain,core,178,32768,161.08
Chain,core,178,65536,274.39
Chain,core,178,131072,516.33
Chain,core,182,#,OSU
Chain,core,182,#,Datatype:
Chain,core,182,#,Size
Chain,core,182,1,12.74
Chain,core,182,2,13.19
Chain,core,182,4,13.76
Chain,core,182,8,12.24
Chain,core,182,16,12.66
Chain,core,182,32,14.76
Chain,core,182,64,13.48
Chain,core,182,128,13.64
Chain,core,182,256,13.84
Chain,core,182,512,14.73
Chain,core,182,1024,15.51
Chain,core,182,2048,19.22
Chain,core,182,4096,25.24
Chain,core,182,8192,38.91
Chain,core,182,16384,113.80
Chain,core,182,32768,162.44
Chain,core,182,65536,274.12
Chain,core,182,131072,518.51
Chain,core,186,#,OSU
Chain,core,186,#,Datatype:
Chain,core,186,#,Size
Chain,core,186,1,18.69
Chain,core,186,2,15.40
Chain,core,186,4,12.46
Chain,core,186,8,14.03
Chain,core,186,16,13.04
Chain,core,186,32,14.86
Chain,core,186,64,13.89
Chain,core,186,128,14.03
Chain,core,186,256,14.14
Chain,core,186,512,16.61
Chain,core,186,1024,15.89
Chain,core,186,2048,19.63
Chain,core,186,4096,25.12
Chain,core,186,8192,39.89
Chain,core,186,16384,122.10
Chain,core,186,32768,168.51
Chain,core,186,65536,285.46
Chain,core,186,131072,535.19
Chain,core,190,#,OSU
Chain,core,190,#,Datatype:
Chain,core,190,#,Size
Chain,core,190,1,20.48
Chain,core,190,2,15.13
Chain,core,190,4,13.25
Chain,core,190,8,13.09
Chain,core,190,16,13.66
Chain,core,190,32,20.89
Chain,core,190,64,14.56
Chain,core,190,128,14.45
Chain,core,190,256,14.64
Chain,core,190,512,18.50
Chain,core,190,1024,16.96
Chain,core,190,2048,20.18
Chain,core,190,4096,25.74
Chain,core,190,8192,42.54
Chain,core,190,16384,121.07
Chain,core,190,32768,171.60
Chain,core,190,65536,290.38
Chain,core,190,131072,538.71
Chain,core,194,#,OSU
Chain,core,194,#,Datatype:
Chain,core,194,#,Size
Chain,core,194,1,17.87
Chain,core,194,2,14.47
Chain,core,194,4,13.00
Chain,core,194,8,12.63
Chain,core,194,16,14.63
Chain,core,194,32,15.65
Chain,core,194,64,14.37
Chain,core,194,128,16.15
Chain,core,194,256,15.24
Chain,core,194,512,15.50
Chain,core,194,1024,16.60
Chain,core,194,2048,21.49
Chain,core,194,4096,26.94
Chain,core,194,8192,45.67
Chain,core,194,16384,119.50
Chain,core,194,32768,179.45
Chain,core,194,65536,307.10
Chain,core,194,131072,564.91
Chain,core,198,#,OSU
Chain,core,198,#,Datatype:
Chain,core,198,#,Size
Chain,core,198,1,17.26
Chain,core,198,2,14.14
Chain,core,198,4,13.25
Chain,core,198,8,14.03
Chain,core,198,16,16.33
Chain,core,198,32,14.38
Chain,core,198,64,14.62
Chain,core,198,128,14.75
Chain,core,198,256,15.17
Chain,core,198,512,16.14
Chain,core,198,1024,17.02
Chain,core,198,2048,20.84
Chain,core,198,4096,32.75
Chain,core,198,8192,40.75
Chain,core,198,16384,122.82
Chain,core,198,32768,186.72
Chain,core,198,65536,310.64
Chain,core,198,131072,569.27
Chain,core,202,#,OSU
Chain,core,202,#,Datatype:
Chain,core,202,#,Size
Chain,core,202,1,13.88
Chain,core,202,2,15.07
Chain,core,202,4,13.67
Chain,core,202,8,13.64
Chain,core,202,16,15.09
Chain,core,202,32,14.22
Chain,core,202,64,14.87
Chain,core,202,128,15.40
Chain,core,202,256,15.51
Chain,core,202,512,16.12
Chain,core,202,1024,17.91
Chain,core,202,2048,24.69
Chain,core,202,4096,34.09
Chain,core,202,8192,38.99
Chain,core,202,16384,121.64
Chain,core,202,32768,182.82
Chain,core,202,65536,319.00
Chain,core,202,131072,570.35
Chain,core,206,#,OSU
Chain,core,206,#,Datatype:
Chain,core,206,#,Size
Chain,core,206,1,14.98
Chain,core,206,2,13.58
Chain,core,206,4,13.90
Chain,core,206,8,14.98
Chain,core,206,16,17.04
Chain,core,206,32,14.85
Chain,core,206,64,14.90
Chain,core,206,128,15.43
Chain,core,206,256,16.19
Chain,core,206,512,19.78
Chain,core,206,1024,20.63
Chain,core,206,2048,24.04
Chain,core,206,4096,33.01
Chain,core,206,8192,41.38
Chain,core,206,16384,125.71
Chain,core,206,32768,187.51
Chain,core,206,65536,319.10
Chain,core,206,131072,591.86
Chain,core,210,#,OSU
Chain,core,210,#,Datatype:
Chain,core,210,#,Size
Chain,core,210,1,19.00
Chain,core,210,2,15.71
Chain,core,210,4,14.06
Chain,core,210,8,15.61
Chain,core,210,16,17.17
Chain,core,210,32,14.96
Chain,core,210,64,15.37
Chain,core,210,128,15.96
Chain,core,210,256,17.57
Chain,core,210,512,16.89
Chain,core,210,1024,18.55
Chain,core,210,2048,22.45
Chain,core,210,4096,33.53
Chain,core,210,8192,50.33
Chain,core,210,16384,128.85
Chain,core,210,32768,194.18
Chain,core,210,65536,326.67
Chain,core,210,131072,593.65
Chain,core,214,#,OSU
Chain,core,214,#,Datatype:
Chain,core,214,#,Size
Chain,core,214,1,20.95
Chain,core,214,2,16.35
Chain,core,214,4,16.61
Chain,core,214,8,16.87
Chain,core,214,16,17.48
Chain,core,214,32,15.87
Chain,core,214,64,16.41
Chain,core,214,128,16.55
Chain,core,214,256,16.95
Chain,core,214,512,17.87
Chain,core,214,1024,19.17
Chain,core,214,2048,23.54
Chain,core,214,4096,34.37
Chain,core,214,8192,49.37
Chain,core,214,16384,131.98
Chain,core,214,32768,202.24
Chain,core,214,65536,340.98
Chain,core,214,131072,619.31
Chain,core,218,#,OSU
Chain,core,218,#,Datatype:
Chain,core,218,#,Size
Chain,core,218,1,16.58
Chain,core,218,2,17.29
Chain,core,218,4,15.89
Chain,core,218,8,16.21
Chain,core,218,16,19.13
Chain,core,218,32,17.27
Chain,core,218,64,16.58
Chain,core,218,128,20.44
Chain,core,218,256,19.40
Chain,core,218,512,20.20
Chain,core,218,1024,29.24
Chain,core,218,2048,30.23
Chain,core,218,4096,31.32
Chain,core,218,8192,43.56
Chain,core,218,16384,136.54
Chain,core,218,32768,205.98
Chain,core,218,65536,346.34
Chain,core,218,131072,625.71
Chain,core,222,#,OSU
Chain,core,222,#,Datatype:
Chain,core,222,#,Size
Chain,core,222,1,17.71
Chain,core,222,2,19.60
Chain,core,222,4,18.15
Chain,core,222,8,19.78
Chain,core,222,16,19.05
Chain,core,222,32,18.50
Chain,core,222,64,17.75
Chain,core,222,128,18.80
Chain,core,222,256,18.88
Chain,core,222,512,19.15
Chain,core,222,1024,20.59
Chain,core,222,2048,32.83
Chain,core,222,4096,33.99
Chain,core,222,8192,45.15
Chain,core,222,16384,142.07
Chain,core,222,32768,212.79
Chain,core,222,65536,349.66
Chain,core,222,131072,630.00
Chain,core,226,#,OSU
Chain,core,226,#,Datatype:
Chain,core,226,#,Size
Chain,core,226,1,17.32
Chain,core,226,2,18.36
Chain,core,226,4,19.05
Chain,core,226,8,17.79
Chain,core,226,16,18.57
Chain,core,226,32,18.35
Chain,core,226,64,18.24
Chain,core,226,128,20.27
Chain,core,226,256,20.40
Chain,core,226,512,19.91
Chain,core,226,1024,21.25
Chain,core,226,2048,35.01
Chain,core,226,4096,41.80
Chain,core,226,8192,44.31
Chain,core,226,16384,139.45
Chain,core,226,32768,208.95
Chain,core,226,65536,352.62
Chain,core,226,131072,645.53
Chain,core,230,#,OSU
Chain,core,230,#,Datatype:
Chain,core,230,#,Size
Chain,core,230,1,21.70
Chain,core,230,2,18.24
Chain,core,230,4,17.28
Chain,core,230,8,17.86
Chain,core,230,16,20.21
Chain,core,230,32,17.47
Chain,core,230,64,17.95
Chain,core,230,128,18.94
Chain,core,230,256,22.56
Chain,core,230,512,19.92
Chain,core,230,1024,21.66
Chain,core,230,2048,30.64
Chain,core,230,4096,36.78
Chain,core,230,8192,45.64
Chain,core,230,16384,142.06
Chain,core,230,32768,212.40
Chain,core,230,65536,358.18
Chain,core,230,131072,653.33
Chain,core,234,#,OSU
Chain,core,234,#,Datatype:
Chain,core,234,#,Size
Chain,core,234,1,20.83
Chain,core,234,2,17.85
Chain,core,234,4,19.83
Chain,core,234,8,17.64
Chain,core,234,16,21.18
Chain,core,234,32,22.35
Chain,core,234,64,19.59
Chain,core,234,128,22.03
Chain,core,234,256,22.21
Chain,core,234,512,20.95
Chain,core,234,1024,22.13
Chain,core,234,2048,28.47
Chain,core,234,4096,33.46
Chain,core,234,8192,46.15
Chain,core,234,16384,140.21
Chain,core,234,32768,217.12
Chain,core,234,65536,357.28
Chain,core,234,131072,667.28
Chain,core,238,#,OSU
Chain,core,238,#,Datatype:
Chain,core,238,#,Size
Chain,core,238,1,19.15
Chain,core,238,2,19.58
Chain,core,238,4,21.60
Chain,core,238,8,21.20
Chain,core,238,16,20.19
Chain,core,238,32,19.96
Chain,core,238,64,22.42
Chain,core,238,128,22.85
Chain,core,238,256,22.56
Chain,core,238,512,23.45
Chain,core,238,1024,24.25
Chain,core,238,2048,34.75
Chain,core,238,4096,36.17
Chain,core,238,8192,47.08
Chain,core,238,16384,147.26
Chain,core,238,32768,221.39
Chain,core,238,65536,368.39
Chain,core,238,131072,664.85
Chain,core,242,#,OSU
Chain,core,242,#,Datatype:
Chain,core,242,#,Size
Chain,core,242,1,20.30
Chain,core,242,2,19.65
Chain,core,242,4,19.16
Chain,core,242,8,22.60
Chain,core,242,16,19.28
Chain,core,242,32,20.21
Chain,core,242,64,22.71
Chain,core,242,128,24.22
Chain,core,242,256,25.04
Chain,core,242,512,26.12
Chain,core,242,1024,29.96
Chain,core,242,2048,33.83
Chain,core,242,4096,38.69
Chain,core,242,8192,48.25
Chain,core,242,16384,149.41
Chain,core,242,32768,224.05
Chain,core,242,65536,370.16
Chain,core,242,131072,684.57
Chain,core,246,#,OSU
Chain,core,246,#,Datatype:
Chain,core,246,#,Size
Chain,core,246,1,24.98
Chain,core,246,2,24.42
Chain,core,246,4,21.90
Chain,core,246,8,23.87
Chain,core,246,16,21.20
Chain,core,246,32,23.47
Chain,core,246,64,24.07
Chain,core,246,128,25.65
Chain,core,246,256,26.63
Chain,core,246,512,27.69
Chain,core,246,1024,35.27
Chain,core,246,2048,34.95
Chain,core,246,4096,38.57
Chain,core,246,8192,51.27
Chain,core,246,16384,154.32
Chain,core,246,32768,226.36
Chain,core,246,65536,377.77
Chain,core,246,131072,688.66
Chain,core,250,#,OSU
Chain,core,250,#,Datatype:
Chain,core,250,#,Size
Chain,core,250,1,22.48
Chain,core,250,2,21.24
Chain,core,250,4,21.74
Chain,core,250,8,24.21
Chain,core,250,16,21.07
Chain,core,250,32,21.53
Chain,core,250,64,21.20
Chain,core,250,128,28.41
Chain,core,250,256,25.83
Chain,core,250,512,28.37
Chain,core,250,1024,32.59
Chain,core,250,2048,34.51
Chain,core,250,4096,42.53
Chain,core,250,8192,51.60
Chain,core,250,16384,154.56
Chain,core,250,32768,228.60
Chain,core,250,65536,381.15
Chain,core,250,131072,699.49
Chain,core,254,#,OSU
Chain,core,254,#,Datatype:
Chain,core,254,#,Size
Chain,core,254,1,34.08
Chain,core,254,2,21.17
Chain,core,254,4,23.41
Chain,core,254,8,21.26
Chain,core,254,16,21.47
Chain,core,254,32,20.40
Chain,core,254,64,21.02
Chain,core,254,128,24.44
Chain,core,254,256,25.09
Chain,core,254,512,28.29
Chain,core,254,1024,29.43
Chain,core,254,2048,30.30
Chain,core,254,4096,36.63
Chain,core,254,8192,51.36
Chain,core,254,16384,162.70
Chain,core,254,32768,232.96
Chain,core,254,65536,383.08
Chain,core,254,131072,707.29
Chain,core,256,#,OSU
Chain,core,256,#,Datatype:
Chain,core,256,#,Size
Chain,core,256,1,8.45
Chain,core,256,2,7.22
Chain,core,256,4,8.18
Chain,core,256,8,7.59
Chain,core,256,16,7.31
Chain,core,256,32,7.96
Chain,core,256,64,7.61
Chain,core,256,128,10.87
Chain,core,256,256,11.36
Chain,core,256,512,13.75
Chain,core,256,1024,15.73
Chain,core,256,2048,20.57
Chain,core,256,4096,28.14
Chain,core,256,8192,44.15
Chain,core,256,16384,146.27
Chain,core,256,32768,217.72
Chain,core,256,65536,372.61
Chain,core,256,131072,692.93
Chain,socket,2,#,OSU
Chain,socket,2,#,Datatype:
Chain,socket,2,#,Size
Chain,socket,2,1,0.61
Chain,socket,2,2,0.60
Chain,socket,2,4,0.61
Chain,socket,2,8,0.60
Chain,socket,2,16,0.60
Chain,socket,2,32,0.73
Chain,socket,2,64,0.74
Chain,socket,2,128,0.88
Chain,socket,2,256,0.93
Chain,socket,2,512,1.09
Chain,socket,2,1024,1.21
Chain,socket,2,2048,1.71
Chain,socket,2,4096,2.53
Chain,socket,2,8192,3.72
Chain,socket,2,16384,4.73
Chain,socket,2,32768,4.88
Chain,socket,2,65536,7.15
Chain,socket,2,131072,15.07
Chain,socket,6,#,OSU
Chain,socket,6,#,Datatype:
Chain,socket,6,#,Size
Chain,socket,6,1,0.88
Chain,socket,6,2,0.86
Chain,socket,6,4,0.88
Chain,socket,6,8,0.85
Chain,socket,6,16,0.87
Chain,socket,6,32,1.01
Chain,socket,6,64,1.02
Chain,socket,6,128,1.64
Chain,socket,6,256,1.48
Chain,socket,6,512,1.82
Chain,socket,6,1024,2.17
Chain,socket,6,2048,3.36
Chain,socket,6,4096,4.80
Chain,socket,6,8192,7.81
Chain,socket,6,16384,13.63
Chain,socket,6,32768,23.36
Chain,socket,6,65536,47.58
Chain,socket,6,131072,97.30
Chain,socket,10,#,OSU
Chain,socket,10,#,Datatype:
Chain,socket,10,#,Size
Chain,socket,10,1,1.70
Chain,socket,10,2,1.68
Chain,socket,10,4,1.68
Chain,socket,10,8,1.68
Chain,socket,10,16,1.69
Chain,socket,10,32,1.83
Chain,socket,10,64,1.75
Chain,socket,10,128,2.61
Chain,socket,10,256,3.04
Chain,socket,10,512,3.16
Chain,socket,10,1024,3.49
Chain,socket,10,2048,4.91
Chain,socket,10,4096,7.01
Chain,socket,10,8192,10.49
Chain,socket,10,16384,24.08
Chain,socket,10,32768,42.19
Chain,socket,10,65536,80.30
Chain,socket,10,131072,148.78
Chain,socket,14,#,OSU
Chain,socket,14,#,Datatype:
Chain,socket,14,#,Size
Chain,socket,14,1,2.09
Chain,socket,14,2,2.11
Chain,socket,14,4,2.09
Chain,socket,14,8,2.09
Chain,socket,14,16,2.10
Chain,socket,14,32,2.47
Chain,socket,14,64,2.45
Chain,socket,14,128,3.84
Chain,socket,14,256,3.83
Chain,socket,14,512,4.14
Chain,socket,14,1024,4.43
Chain,socket,14,2048,6.81
Chain,socket,14,4096,8.72
Chain,socket,14,8192,14.41
Chain,socket,14,16384,28.57
Chain,socket,14,32768,54.13
Chain,socket,14,65536,96.87
Chain,socket,14,131072,184.18
Chain,socket,18,#,OSU
Chain,socket,18,#,Datatype:
Chain,socket,18,#,Size
Chain,socket,18,1,2.74
Chain,socket,18,2,2.84
Chain,socket,18,4,2.87
Chain,socket,18,8,3.21
Chain,socket,18,16,3.17
Chain,socket,18,32,3.96
Chain,socket,18,64,4.21
Chain,socket,18,128,5.48
Chain,socket,18,256,5.61
Chain,socket,18,512,5.95
Chain,socket,18,1024,6.23
Chain,socket,18,2048,8.74
Chain,socket,18,4096,10.46
Chain,socket,18,8192,17.55
Chain,socket,18,16384,37.77
Chain,socket,18,32768,64.62
Chain,socket,18,65536,114.15
Chain,socket,18,131072,207.91
Chain,socket,22,#,OSU
Chain,socket,22,#,Datatype:
Chain,socket,22,#,Size
Chain,socket,22,1,3.72
Chain,socket,22,2,3.70
Chain,socket,22,4,3.72
Chain,socket,22,8,3.67
Chain,socket,22,16,3.64
Chain,socket,22,32,4.37
Chain,socket,22,64,4.54
Chain,socket,22,128,6.45
Chain,socket,22,256,6.34
Chain,socket,22,512,6.75
Chain,socket,22,1024,6.94
Chain,socket,22,2048,9.94
Chain,socket,22,4096,12.25
Chain,socket,22,8192,19.83
Chain,socket,22,16384,39.68
Chain,socket,22,32768,65.80
Chain,socket,22,65536,121.18
Chain,socket,22,131072,225.99
Chain,socket,26,#,OSU
Chain,socket,26,#,Datatype:
Chain,socket,26,#,Size
Chain,socket,26,1,3.95
Chain,socket,26,2,4.07
Chain,socket,26,4,4.23
Chain,socket,26,8,4.71
Chain,socket,26,16,4.08
Chain,socket,26,32,4.95
Chain,socket,26,64,4.64
Chain,socket,26,128,6.41
Chain,socket,26,256,6.52
Chain,socket,26,512,7.67
Chain,socket,26,1024,7.82
Chain,socket,26,2048,11.41
Chain,socket,26,4096,13.59
Chain,socket,26,8192,21.88
Chain,socket,26,16384,47.98
Chain,socket,26,32768,81.15
Chain,socket,26,65536,142.33
Chain,socket,26,131072,258.07
Chain,socket,30,#,OSU
Chain,socket,30,#,Datatype:
Chain,socket,30,#,Size
Chain,socket,30,1,4.44
Chain,socket,30,2,3.91
Chain,socket,30,4,3.80
Chain,socket,30,8,4.05
Chain,socket,30,16,4.04
Chain,socket,30,32,4.87
Chain,socket,30,64,4.53
Chain,socket,30,128,6.92
Chain,socket,30,256,6.71
Chain,socket,30,512,7.83
Chain,socket,30,1024,8.22
Chain,socket,30,2048,11.79
Chain,socket,30,4096,15.38
Chain,socket,30,8192,24.15
Chain,socket,30,16384,46.10
Chain,socket,30,32768,79.51
Chain,socket,30,65536,149.03
Chain,socket,30,131072,281.49
Chain,socket,34,#,OSU
Chain,socket,34,#,Datatype:
Chain,socket,34,#,Size
Chain,socket,34,1,4.60
Chain,socket,34,2,4.74
Chain,socket,34,4,4.74
Chain,socket,34,8,4.59
Chain,socket,34,16,5.66
Chain,socket,34,32,6.10
Chain,socket,34,64,6.62
Chain,socket,34,128,7.75
Chain,socket,34,256,7.53
Chain,socket,34,512,8.43
Chain,socket,34,1024,8.94
Chain,socket,34,2048,13.30
Chain,socket,34,4096,16.47
Chain,socket,34,8192,25.77
Chain,socket,34,16384,51.92
Chain,socket,34,32768,87.82
Chain,socket,34,65536,158.71
Chain,socket,34,131072,300.38
Chain,socket,38,#,OSU
Chain,socket,38,#,Datatype:
Chain,socket,38,#,Size
Chain,socket,38,1,5.72
Chain,socket,38,2,6.04
Chain,socket,38,4,5.67
Chain,socket,38,8,7.70
Chain,socket,38,16,5.82
Chain,socket,38,32,6.97
Chain,socket,38,64,6.80
Chain,socket,38,128,9.18
Chain,socket,38,256,9.38
Chain,socket,38,512,10.00
Chain,socket,38,1024,10.79
Chain,socket,38,2048,15.81
Chain,socket,38,4096,19.92
Chain,socket,38,8192,28.90
Chain,socket,38,16384,58.47
Chain,socket,38,32768,100.31
Chain,socket,38,65536,185.00
Chain,socket,38,131072,343.88
Chain,socket,42,#,OSU
Chain,socket,42,#,Datatype:
Chain,socket,42,#,Size
Chain,socket,42,1,6.07
Chain,socket,42,2,5.58
Chain,socket,42,4,5.62
Chain,socket,42,8,5.83
Chain,socket,42,16,6.03
Chain,socket,42,32,6.73
Chain,socket,42,64,6.53
Chain,socket,42,128,8.92
Chain,socket,42,256,9.53
Chain,socket,42,512,10.72
Chain,socket,42,1024,10.95
Chain,socket,42,2048,15.93
Chain,socket,42,4096,20.04
Chain,socket,42,8192,29.49
Chain,socket,42,16384,63.93
Chain,socket,42,32768,110.02
Chain,socket,42,65536,205.18
Chain,socket,42,131072,360.10
Chain,socket,46,#,OSU
Chain,socket,46,#,Datatype:
Chain,socket,46,#,Size
Chain,socket,46,1,5.92
Chain,socket,46,2,5.84
Chain,socket,46,4,5.89
Chain,socket,46,8,6.15
Chain,socket,46,16,6.14
Chain,socket,46,32,7.47
Chain,socket,46,64,7.37
Chain,socket,46,128,9.91
Chain,socket,46,256,10.07
Chain,socket,46,512,11.40
Chain,socket,46,1024,12.13
Chain,socket,46,2048,17.86
Chain,socket,46,4096,22.49
Chain,socket,46,8192,33.27
Chain,socket,46,16384,65.71
Chain,socket,46,32768,110.50
Chain,socket,46,65536,208.55
Chain,socket,46,131072,377.44
Chain,socket,50,#,OSU
Chain,socket,50,#,Datatype:
Chain,socket,50,#,Size
Chain,socket,50,1,6.37
Chain,socket,50,2,6.41
Chain,socket,50,4,6.37
Chain,socket,50,8,6.67
Chain,socket,50,16,6.73
Chain,socket,50,32,8.12
Chain,socket,50,64,7.97
Chain,socket,50,128,10.76
Chain,socket,50,256,10.97
Chain,socket,50,512,12.39
Chain,socket,50,1024,12.54
Chain,socket,50,2048,18.11
Chain,socket,50,4096,23.11
Chain,socket,50,8192,33.63
Chain,socket,50,16384,71.30
Chain,socket,50,32768,125.88
Chain,socket,50,65536,219.02
Chain,socket,50,131072,410.39
Chain,socket,54,#,OSU
Chain,socket,54,#,Datatype:
Chain,socket,54,#,Size
Chain,socket,54,1,6.88
Chain,socket,54,2,6.96
Chain,socket,54,4,7.09
Chain,socket,54,8,7.26
Chain,socket,54,16,7.17
Chain,socket,54,32,8.75
Chain,socket,54,64,8.60
Chain,socket,54,128,11.94
Chain,socket,54,256,12.05
Chain,socket,54,512,13.73
Chain,socket,54,1024,13.84
Chain,socket,54,2048,20.45
Chain,socket,54,4096,24.65
Chain,socket,54,8192,37.28
Chain,socket,54,16384,74.71
Chain,socket,54,32768,128.13
Chain,socket,54,65536,235.01
Chain,socket,54,131072,429.32
Chain,socket,58,#,OSU
Chain,socket,58,#,Datatype:
Chain,socket,58,#,Size
Chain,socket,58,1,7.42
Chain,socket,58,2,6.91
Chain,socket,58,4,8.22
Chain,socket,58,8,7.68
Chain,socket,58,16,7.19
Chain,socket,58,32,9.16
Chain,socket,58,64,8.90
Chain,socket,58,128,12.06
Chain,socket,58,256,12.98
Chain,socket,58,512,13.88
Chain,socket,58,1024,14.56
Chain,socket,58,2048,20.69
Chain,socket,58,4096,26.82
Chain,socket,58,8192,38.09
Chain,socket,58,16384,82.51
Chain,socket,58,32768,139.59
Chain,socket,58,65536,256.01
Chain,socket,58,131072,458.84
Chain,socket,62,#,OSU
Chain,socket,62,#,Datatype:
Chain,socket,62,#,Size
Chain,socket,62,1,10.27
Chain,socket,62,2,8.90
Chain,socket,62,4,8.14
Chain,socket,62,8,8.16
Chain,socket,62,16,8.22
Chain,socket,62,32,9.76
Chain,socket,62,64,8.88
Chain,socket,62,128,12.19
Chain,socket,62,256,12.77
Chain,socket,62,512,14.90
Chain,socket,62,1024,15.41
Chain,socket,62,2048,22.23
Chain,socket,62,4096,29.63
Chain,socket,62,8192,41.56
Chain,socket,62,16384,84.80
Chain,socket,62,32768,143.41
Chain,socket,62,65536,259.81
Chain,socket,62,131072,472.94
Chain,socket,66,#,OSU
Chain,socket,66,#,Datatype:
Chain,socket,66,#,Size
Chain,socket,66,1,12.12
Chain,socket,66,2,9.28
Chain,socket,66,4,9.40
Chain,socket,66,8,9.12
Chain,socket,66,16,8.96
Chain,socket,66,32,10.47
Chain,socket,66,64,10.46
Chain,socket,66,128,12.68
Chain,socket,66,256,12.88
Chain,socket,66,512,15.06
Chain,socket,66,1024,15.50
Chain,socket,66,2048,22.82
Chain,socket,66,4096,28.64
Chain,socket,66,8192,42.58
Chain,socket,66,16384,91.70
Chain,socket,66,32768,158.38
Chain,socket,66,65536,279.66
Chain,socket,66,131072,496.63
Chain,socket,70,#,OSU
Chain,socket,70,#,Datatype:
Chain,socket,70,#,Size
Chain,socket,70,1,9.55
Chain,socket,70,2,9.37
Chain,socket,70,4,8.70
Chain,socket,70,8,8.84
Chain,socket,70,16,9.55
Chain,socket,70,32,11.31
Chain,socket,70,64,11.10
Chain,socket,70,128,13.47
Chain,socket,70,256,13.81
Chain,socket,70,512,16.43
Chain,socket,70,1024,16.76
Chain,socket,70,2048,24.59
Chain,socket,70,4096,32.40
Chain,socket,70,8192,46.30
Chain,socket,70,16384,95.50
Chain,socket,70,32768,167.44
Chain,socket,70,65536,294.38
Chain,socket,70,131072,509.53
Chain,socket,74,#,OSU
Chain,socket,74,#,Datatype:
Chain,socket,74,#,Size
Chain,socket,74,1,10.37
Chain,socket,74,2,9.93
Chain,socket,74,4,9.67
Chain,socket,74,8,9.85
Chain,socket,74,16,9.88
Chain,socket,74,32,11.52
Chain,socket,74,64,11.38
Chain,socket,74,128,13.80
Chain,socket,74,256,13.98
Chain,socket,74,512,15.70
Chain,socket,74,1024,16.80
Chain,socket,74,2048,24.63
Chain,socket,74,4096,31.43
Chain,socket,74,8192,46.52
Chain,socket,74,16384,99.98
Chain,socket,74,32768,172.45
Chain,socket,74,65536,312.31
Chain,socket,74,131072,560.43
Chain,socket,78,#,OSU
Chain,socket,78,#,Datatype:
Chain,socket,78,#,Size
Chain,socket,78,1,10.71
Chain,socket,78,2,10.54
Chain,socket,78,4,10.30
Chain,socket,78,8,10.32
Chain,socket,78,16,10.39
Chain,socket,78,32,12.28
Chain,socket,78,64,12.22
Chain,socket,78,128,14.68
Chain,socket,78,256,15.01
Chain,socket,78,512,17.74
Chain,socket,78,1024,18.18
Chain,socket,78,2048,27.18
Chain,socket,78,4096,34.29
Chain,socket,78,8192,49.92
Chain,socket,78,16384,102.59
Chain,socket,78,32768,173.89
Chain,socket,78,65536,313.12
Chain,socket,78,131072,585.75
Chain,socket,82,#,OSU
Chain,socket,82,#,Datatype:
Chain,socket,82,#,Size
Chain,socket,82,1,10.99
Chain,socket,82,2,11.05
Chain,socket,82,4,11.43
Chain,socket,82,8,10.91
Chain,socket,82,16,11.02
Chain,socket,82,32,12.88
Chain,socket,82,64,12.58
Chain,socket,82,128,14.84
Chain,socket,82,256,14.92
Chain,socket,82,512,18.38
Chain,socket,82,1024,18.82
Chain,socket,82,2048,27.90
Chain,socket,82,4096,36.73
Chain,socket,82,8192,51.59
Chain,socket,82,16384,114.65
Chain,socket,82,32768,193.33
Chain,socket,82,65536,339.07
Chain,socket,82,131072,624.19
Chain,socket,86,#,OSU
Chain,socket,86,#,Datatype:
Chain,socket,86,#,Size
Chain,socket,86,1,10.98
Chain,socket,86,2,12.48
Chain,socket,86,4,11.37
Chain,socket,86,8,11.51
Chain,socket,86,16,11.55
Chain,socket,86,32,13.67
Chain,socket,86,64,13.23
Chain,socket,86,128,16.47
Chain,socket,86,256,17.01
Chain,socket,86,512,19.79
Chain,socket,86,1024,20.38
Chain,socket,86,2048,30.06
Chain,socket,86,4096,39.06
Chain,socket,86,8192,56.05
Chain,socket,86,16384,111.47
Chain,socket,86,32768,197.37
Chain,socket,86,65536,336.13
Chain,socket,86,131072,618.53
Chain,socket,90,#,OSU
Chain,socket,90,#,Datatype:
Chain,socket,90,#,Size
Chain,socket,90,1,11.66
Chain,socket,90,2,11.86
Chain,socket,90,4,11.51
Chain,socket,90,8,11.62
Chain,socket,90,16,11.78
Chain,socket,90,32,13.87
Chain,socket,90,64,13.63
Chain,socket,90,128,15.78
Chain,socket,90,256,16.38
Chain,socket,90,512,21.64
Chain,socket,90,1024,21.95
Chain,socket,90,2048,31.39
Chain,socket,90,4096,36.31
Chain,socket,90,8192,57.20
Chain,socket,90,16384,118.09
Chain,socket,90,32768,202.50
Chain,socket,90,65536,348.35
Chain,socket,90,131072,632.50
Chain,socket,94,#,OSU
Chain,socket,94,#,Datatype:
Chain,socket,94,#,Size
Chain,socket,94,1,12.04
Chain,socket,94,2,12.75
Chain,socket,94,4,12.58
Chain,socket,94,8,12.73
Chain,socket,94,16,12.76
Chain,socket,94,32,15.18
Chain,socket,94,64,14.81
Chain,socket,94,128,18.06
Chain,socket,94,256,18.96
Chain,socket,94,512,24.74
Chain,socket,94,1024,22.65
Chain,socket,94,2048,35.00
Chain,socket,94,4096,41.85
Chain,socket,94,8192,61.02
Chain,socket,94,16384,124.40
Chain,socket,94,32768,208.52
Chain,socket,94,65536,372.88
Chain,socket,94,131072,704.89
Chain,socket,98,#,OSU
Chain,socket,98,#,Datatype:
Chain,socket,98,#,Size
Chain,socket,98,1,12.91
Chain,socket,98,2,13.88
Chain,socket,98,4,13.14
Chain,socket,98,8,12.61
Chain,socket,98,16,12.77
Chain,socket,98,32,15.06
Chain,socket,98,64,14.93
Chain,socket,98,128,19.18
Chain,socket,98,256,18.42
Chain,socket,98,512,21.64
Chain,socket,98,1024,22.23
Chain,socket,98,2048,33.04
Chain,socket,98,4096,41.85
Chain,socket,98,8192,61.05
Chain,socket,98,16384,134.08
Chain,socket,98,32768,226.33
Chain,socket,98,65536,405.51
Chain,socket,98,131072,728.36
Chain,socket,102,#,OSU
Chain,socket,102,#,Datatype:
Chain,socket,102,#,Size
Chain,socket,102,1,12.93
Chain,socket,102,2,13.44
Chain,socket,102,4,13.28
Chain,socket,102,8,13.29
Chain,socket,102,16,13.44
Chain,socket,102,32,16.02
Chain,socket,102,64,19.45
Chain,socket,102,128,20.63
Chain,socket,102,256,20.61
Chain,socket,102,512,24.62
Chain,socket,102,1024,27.82
Chain,socket,102,2048,35.83
Chain,socket,102,4096,42.43
Chain,socket,102,8192,65.15
Chain,socket,102,16384,139.31
Chain,socket,102,32768,226.99
Chain,socket,102,65536,401.87
Chain,socket,102,131072,738.43
Chain,socket,106,#,OSU
Chain,socket,106,#,Datatype:
Chain,socket,106,#,Size
Chain,socket,106,1,13.61
Chain,socket,106,2,14.08
Chain,socket,106,4,13.88
Chain,socket,106,8,13.55
Chain,socket,106,16,13.17
Chain,socket,106,32,16.89
Chain,socket,106,64,16.48
Chain,socket,106,128,22.70
Chain,socket,106,256,23.50
Chain,socket,106,512,26.11
Chain,socket,106,1024,24.87
Chain,socket,106,2048,36.30
Chain,socket,106,4096,46.13
Chain,socket,106,8192,67.56
Chain,socket,106,16384,204.70
Chain,socket,106,32768,245.43
Chain,socket,106,65536,426.40
Chain,socket,106,131072,772.36
Chain,socket,110,#,OSU
Chain,socket,110,#,Datatype:
Chain,socket,110,#,Size
Chain,socket,110,1,14.72
Chain,socket,110,2,14.76
Chain,socket,110,4,14.53
Chain,socket,110,8,14.50
Chain,socket,110,16,17.73
Chain,socket,110,32,18.23
Chain,socket,110,64,17.29
Chain,socket,110,128,21.91
Chain,socket,110,256,21.24
Chain,socket,110,512,28.15
Chain,socket,110,1024,26.13
Chain,socket,110,2048,37.83
Chain,socket,110,4096,46.43
Chain,socket,110,8192,69.70
Chain,socket,110,16384,147.43
Chain,socket,110,32768,239.46
Chain,socket,110,65536,425.09
Chain,socket,110,131072,772.50
Chain,socket,114,#,OSU
Chain,socket,114,#,Datatype:
Chain,socket,114,#,Size
Chain,socket,114,1,14.87
Chain,socket,114,2,14.36
Chain,socket,114,4,13.99
Chain,socket,114,8,14.84
Chain,socket,114,16,15.28
Chain,socket,114,32,19.76
Chain,socket,114,64,20.00
Chain,socket,114,128,22.07
Chain,socket,114,256,21.49
Chain,socket,114,512,25.13
Chain,socket,114,1024,25.84
Chain,socket,114,2048,38.50
Chain,socket,114,4096,48.53
Chain,socket,114,8192,72.02
Chain,socket,114,16384,148.24
Chain,socket,114,32768,247.64
Chain,socket,114,65536,6327.52
Chain,socket,114,131072,810.03
Chain,socket,118,#,OSU
Chain,socket,118,#,Datatype:
Chain,socket,118,#,Size
Chain,socket,118,1,16.48
Chain,socket,118,2,15.85
Chain,socket,118,4,16.72
Chain,socket,118,8,17.07
Chain,socket,118,16,16.55
Chain,socket,118,32,19.38
Chain,socket,118,64,20.20
Chain,socket,118,128,24.24
Chain,socket,118,256,23.67
Chain,socket,118,512,24.95
Chain,socket,118,1024,28.10
Chain,socket,118,2048,40.82
Chain,socket,118,4096,52.86
Chain,socket,118,8192,75.02
Chain,socket,118,16384,160.13
Chain,socket,118,32768,249.08
Chain,socket,118,65536,449.68
Chain,socket,118,131072,801.00
Chain,socket,122,#,OSU
Chain,socket,122,#,Datatype:
Chain,socket,122,#,Size
Chain,socket,122,1,15.99
Chain,socket,122,2,16.44
Chain,socket,122,4,16.39
Chain,socket,122,8,15.15
Chain,socket,122,16,18.12
Chain,socket,122,32,20.89
Chain,socket,122,64,20.70
Chain,socket,122,128,22.61
Chain,socket,122,256,23.43
Chain,socket,122,512,27.30
Chain,socket,122,1024,28.16
Chain,socket,122,2048,41.43
Chain,socket,122,4096,52.50
Chain,socket,122,8192,679.85
Chain,socket,122,16384,160.66
Chain,socket,122,32768,308.33
Chain,socket,122,65536,477.51
Chain,socket,122,131072,907.63
Chain,socket,126,#,OSU
Chain,socket,126,#,Datatype:
Chain,socket,126,#,Size
Chain,socket,126,1,17.06
Chain,socket,126,2,17.13
Chain,socket,126,4,17.39
Chain,socket,126,8,17.25
Chain,socket,126,16,17.90
Chain,socket,126,32,20.95
Chain,socket,126,64,20.19
Chain,socket,126,128,24.14
Chain,socket,126,256,24.78
Chain,socket,126,512,28.72
Chain,socket,126,1024,33.21
Chain,socket,126,2048,43.53
Chain,socket,126,4096,2469.92
Chain,socket,126,8192,144.94
Chain,socket,126,16384,5044.76
Chain,socket,126,32768,387.10
Chain,socket,126,65536,4796.82
Chain,socket,126,131072,874.78
Chain,socket,130,#,OSU
Chain,socket,130,#,Datatype:
Chain,socket,130,#,Size
Chain,socket,130,1,18.67
Chain,socket,130,2,19.01
Chain,socket,130,4,17.73
Chain,socket,130,8,3121.50
Chain,socket,130,16,1020.37
Chain,socket,130,32,602.17
Chain,socket,130,64,1488.40
Chain,socket,130,128,1894.55
Chain,socket,130,256,1993.29
Chain,socket,130,512,60.01
Chain,socket,130,1024,369.81
Chain,socket,130,2048,117.25
Chain,socket,130,4096,59.94
Chain,socket,130,8192,1175.69
Chain,socket,130,16384,416.96
Chain,socket,130,32768,331.21
Chain,socket,130,65536,1052.75
Chain,socket,130,131072,2691.30
Chain,socket,134,#,OSU
Chain,socket,134,#,Datatype:
Chain,socket,134,#,Size
Chain,socket,134,1,19.27
Chain,socket,134,2,17.02
Chain,socket,134,4,17.82
Chain,socket,134,8,17.93
Chain,socket,134,16,17.17
Chain,socket,134,32,21.37
Chain,socket,134,64,65.16
Chain,socket,134,128,25.13
Chain,socket,134,256,25.52
Chain,socket,134,512,30.54
Chain,socket,134,1024,1218.04
Chain,socket,134,2048,86.35
Chain,socket,134,4096,458.85
Chain,socket,134,8192,353.99
Chain,socket,134,16384,621.55
Chain,socket,134,32768,405.97
Chain,socket,134,65536,561.23
Chain,socket,134,131072,908.01
Chain,socket,138,#,OSU
Chain,socket,138,#,Datatype:
Chain,socket,138,#,Size
Chain,socket,138,1,17.48
Chain,socket,138,2,17.34
Chain,socket,138,4,19.00
Chain,socket,138,8,17.48
Chain,socket,138,16,16.35
Chain,socket,138,32,20.30
Chain,socket,138,64,54.63
Chain,socket,138,128,24.18
Chain,socket,138,256,26.83
Chain,socket,138,512,28.84
Chain,socket,138,1024,1484.68
Chain,socket,138,2048,45.44
Chain,socket,138,4096,173.42
Chain,socket,138,8192,134.03
Chain,socket,138,16384,1425.29
Chain,socket,138,32768,1273.09
Chain,socket,138,65536,528.39
Chain,socket,138,131072,3060.32
Chain,socket,142,#,OSU
Chain,socket,142,#,Datatype:
Chain,socket,142,#,Size
Chain,socket,142,1,18.65
Chain,socket,142,2,20.76
Chain,socket,142,4,19.50
Chain,socket,142,8,20.24
Chain,socket,142,16,20.02
Chain,socket,142,32,23.58
Chain,socket,142,64,23.48
Chain,socket,142,128,26.15
Chain,socket,142,256,27.26
Chain,socket,142,512,31.07
Chain,socket,142,1024,32.38
Chain,socket,142,2048,471.19
Chain,socket,142,4096,89.02
Chain,socket,142,8192,131.54
Chain,socket,142,16384,915.30
Chain,socket,142,32768,1330.69
Chain,socket,142,65536,1430.14
Chain,socket,142,131072,1630.17
Chain,socket,146,#,OSU
Chain,socket,146,#,Datatype:
Chain,socket,146,#,Size
Chain,socket,146,1,22.33
Chain,socket,146,2,23.81
Chain,socket,146,4,23.21
Chain,socket,146,8,21.81
Chain,socket,146,16,21.20
Chain,socket,146,32,26.13
Chain,socket,146,64,183.09
Chain,socket,146,128,1569.75
Chain,socket,146,256,30.14
Chain,socket,146,512,179.43
Chain,socket,146,1024,1104.00
Chain,socket,146,2048,69.26
Chain,socket,146,4096,71.57
Chain,socket,146,8192,124.03
Chain,socket,146,16384,937.10
Chain,socket,146,32768,933.98
Chain,socket,146,65536,712.68
Chain,socket,146,131072,1144.94
Chain,socket,150,#,OSU
Chain,socket,150,#,Datatype:
Chain,socket,150,#,Size
Chain,socket,150,1,26.14
Chain,socket,150,2,23.28
Chain,socket,150,4,21.99
Chain,socket,150,8,22.38
Chain,socket,150,16,155.41
Chain,socket,150,32,2233.16
Chain,socket,150,64,2395.28
Chain,socket,150,128,2839.70
Chain,socket,150,256,235.33
Chain,socket,150,512,35.62
Chain,socket,150,1024,67.97
Chain,socket,150,2048,52.50
Chain,socket,150,4096,67.40
Chain,socket,150,8192,796.30
Chain,socket,150,16384,2505.45
Chain,socket,150,32768,763.24
Chain,socket,150,65536,1816.41
Chain,socket,150,131072,5228.38
Chain,socket,154,#,OSU
Chain,socket,154,#,Datatype:
Chain,socket,154,#,Size
Chain,socket,154,1,22.91
Chain,socket,154,2,23.24
Chain,socket,154,4,25.42
Chain,socket,154,8,20.53
Chain,socket,154,16,20.48
Chain,socket,154,32,704.48
Chain,socket,154,64,24.31
Chain,socket,154,128,362.41
Chain,socket,154,256,28.83
Chain,socket,154,512,34.73
Chain,socket,154,1024,35.48
Chain,socket,154,2048,52.54
Chain,socket,154,4096,66.15
Chain,socket,154,8192,624.15
Chain,socket,154,16384,333.98
Chain,socket,154,32768,2145.02
Chain,socket,154,65536,5065.62
Chain,socket,154,131072,7837.35
Chain,socket,158,#,OSU
Chain,socket,158,#,Datatype:
Chain,socket,158,#,Size
Chain,socket,158,1,261.85
Chain,socket,158,2,20.72
Chain,socket,158,4,20.97
Chain,socket,158,8,1518.01
Chain,socket,158,16,127.26
Chain,socket,158,32,64.42
Chain,socket,158,64,36.97
Chain,socket,158,128,29.69
Chain,socket,158,256,29.67
Chain,socket,158,512,41.25
Chain,socket,158,1024,53.43
Chain,socket,158,2048,52.10
Chain,socket,158,4096,102.35
Chain,socket,158,8192,144.63
Chain,socket,158,16384,286.32
Chain,socket,158,32768,1836.31
Chain,socket,158,65536,1682.74
Chain,socket,158,131072,2447.32
Chain,socket,162,#,OSU
Chain,socket,162,#,Datatype:
Chain,socket,162,#,Size
Chain,socket,162,1,981.55
Chain,socket,162,2,165.28
Chain,socket,162,4,1601.82
Chain,socket,162,8,47.60
Chain,socket,162,16,24.61
Chain,socket,162,32,682.49
Chain,socket,162,64,1057.24
Chain,socket,162,128,33.53
Chain,socket,162,256,34.25
Chain,socket,162,512,40.14
Chain,socket,162,1024,53.34
Chain,socket,162,2048,57.23
Chain,socket,162,4096,72.49
Chain,socket,162,8192,132.29
Chain,socket,162,16384,417.48
Chain,socket,162,32768,328.19
Chain,socket,162,65536,1148.51
Chain,socket,162,131072,1475.03
Chain,socket,166,#,OSU
Chain,socket,166,#,Datatype:
Chain,socket,166,#,Size
Chain,socket,166,1,28.65
Chain,socket,166,2,26.51
Chain,socket,166,4,2144.24
Chain,socket,166,8,58.84
Chain,socket,166,16,26.09
Chain,socket,166,32,31.50
Chain,socket,166,64,1847.04
Chain,socket,166,128,3805.48
Chain,socket,166,256,708.37
Chain,socket,166,512,41.42
Chain,socket,166,1024,42.93
Chain,socket,166,2048,286.46
Chain,socket,166,4096,279.60
Chain,socket,166,8192,842.72
Chain,socket,166,16384,8042.12
Chain,socket,166,32768,452.26
Chain,socket,166,65536,665.27
Chain,socket,166,131072,2158.56
Chain,socket,170,#,OSU
Chain,socket,170,#,Datatype:
Chain,socket,170,#,Size
Chain,socket,170,1,30.66
Chain,socket,170,2,2483.39
Chain,socket,170,4,40.80
Chain,socket,170,8,26.56
Chain,socket,170,16,26.84
Chain,socket,170,32,33.95
Chain,socket,170,64,38.83
Chain,socket,170,128,1821.85
Chain,socket,170,256,41.06
Chain,socket,170,512,41.41
Chain,socket,170,1024,50.53
Chain,socket,170,2048,197.79
Chain,socket,170,4096,75.92
Chain,socket,170,8192,813.84
Chain,socket,170,16384,760.78
Chain,socket,170,32768,604.71
Chain,socket,170,65536,1632.23
Chain,socket,170,131072,1785.73
Chain,socket,174,#,OSU
Chain,socket,174,#,Datatype:
Chain,socket,174,#,Size
Chain,socket,174,1,27.09
Chain,socket,174,2,25.89
Chain,socket,174,4,26.11
Chain,socket,174,8,25.12
Chain,socket,174,16,2515.95
Chain,socket,174,32,1093.15
Chain,socket,174,64,1753.18
Chain,socket,174,128,48.52
Chain,socket,174,256,33.72
Chain,socket,174,512,39.14
Chain,socket,174,1024,746.42
Chain,socket,174,2048,569.60
Chain,socket,174,4096,252.06
Chain,socket,174,8192,3666.65
Chain,socket,174,16384,4313.56
Chain,socket,174,32768,3401.98
Chain,socket,174,65536,756.78
Chain,socket,174,131072,1340.51
Chain,socket,178,#,OSU
Chain,socket,178,#,Datatype:
Chain,socket,178,#,Size
Chain,socket,178,1,25.42
Chain,socket,178,2,27.65
Chain,socket,178,4,1653.06
Chain,socket,178,8,1016.56
Chain,socket,178,16,30.69
Chain,socket,178,32,29.89
Chain,socket,178,64,852.41
Chain,socket,178,128,39.54
Chain,socket,178,256,36.47
Chain,socket,178,512,43.49
Chain,socket,178,1024,196.20
Chain,socket,178,2048,681.45
Chain,socket,178,4096,307.93
Chain,socket,178,8192,1494.48
Chain,socket,178,16384,4811.71
Chain,socket,178,32768,2051.98
Chain,socket,178,65536,860.10
Chain,socket,178,131072,1230.92
Chain,socket,182,#,OSU
Chain,socket,182,#,Datatype:
Chain,socket,182,#,Size
Chain,socket,182,1,26.72
Chain,socket,182,2,27.01
Chain,socket,182,4,25.23
Chain,socket,182,8,873.00
Chain,socket,182,16,1229.75
Chain,socket,182,32,29.84
Chain,socket,182,64,28.84
Chain,socket,182,128,241.52
Chain,socket,182,256,34.62
Chain,socket,182,512,1477.11
Chain,socket,182,1024,328.98
Chain,socket,182,2048,63.11
Chain,socket,182,4096,80.53
Chain,socket,182,8192,121.13
Chain,socket,182,16384,3406.77
Chain,socket,182,32768,1862.62
Chain,socket,182,65536,2192.76
Chain,socket,182,131072,1565.86
Chain,socket,186,#,OSU
Chain,socket,186,#,Datatype:
Chain,socket,186,#,Size
Chain,socket,186,1,27.64
Chain,socket,186,2,30.77
Chain,socket,186,4,29.34
Chain,socket,186,8,3633.01
Chain,socket,186,16,7934.05
Chain,socket,186,32,6440.46
Chain,socket,186,64,33.32
Chain,socket,186,128,45.20
Chain,socket,186,256,37.26
Chain,socket,186,512,41.36
Chain,socket,186,1024,46.93
Chain,socket,186,2048,62.56
Chain,socket,186,4096,80.35
Chain,socket,186,8192,117.28
Chain,socket,186,16384,230.14
Chain,socket,186,32768,362.34
Chain,socket,186,65536,736.10
Chain,socket,186,131072,1139.72
Chain,socket,190,#,OSU
Chain,socket,190,#,Datatype:
Chain,socket,190,#,Size
Chain,socket,190,1,30.71
Chain,socket,190,2,51.92
Chain,socket,190,4,28.20
Chain,socket,190,8,925.05
Chain,socket,190,16,27.39
Chain,socket,190,32,33.01
Chain,socket,190,64,32.83
Chain,socket,190,128,137.24
Chain,socket,190,256,41.41
Chain,socket,190,512,43.90
Chain,socket,190,1024,48.98
Chain,socket,190,2048,65.08
Chain,socket,190,4096,83.85
Chain,socket,190,8192,125.66
Chain,socket,190,16384,875.32
Chain,socket,190,32768,439.38
Chain,socket,190,65536,1272.97
Chain,socket,190,131072,2383.84
Chain,socket,194,#,OSU
Chain,socket,194,#,Datatype:
Chain,socket,194,#,Size
Chain,socket,194,1,26.81
Chain,socket,194,2,1054.80
Chain,socket,194,4,25.70
Chain,socket,194,8,52.10
Chain,socket,194,16,26.08
Chain,socket,194,32,35.72
Chain,socket,194,64,52.94
Chain,socket,194,128,36.02
Chain,socket,194,256,781.50
Chain,socket,194,512,48.79
Chain,socket,194,1024,47.98
Chain,socket,194,2048,63.58
Chain,socket,194,4096,904.75
Chain,socket,194,8192,273.61
Chain,socket,194,16384,249.39
Chain,socket,194,32768,1224.75
Chain,socket,194,65536,1238.07
Chain,socket,194,131072,1777.72
Chain,socket,198,#,OSU
Chain,socket,198,#,Datatype:
Chain,socket,198,#,Size
Chain,socket,198,1,33.13
Chain,socket,198,2,189.96
Chain,socket,198,4,287.04
Chain,socket,198,8,44.06
Chain,socket,198,16,27.01
Chain,socket,198,32,31.83
Chain,socket,198,64,32.28
Chain,socket,198,128,38.75
Chain,socket,198,256,39.04
Chain,socket,198,512,46.58
Chain,socket,198,1024,50.33
Chain,socket,198,2048,66.49
Chain,socket,198,4096,90.38
Chain,socket,198,8192,130.26
Chain,socket,198,16384,252.72
Chain,socket,198,32768,384.84
Chain,socket,198,65536,677.21
Chain,socket,198,131072,5749.31
Chain,socket,202,#,OSU
Chain,socket,202,#,Datatype:
Chain,socket,202,#,Size
Chain,socket,202,1,32.22
Chain,socket,202,2,30.91
Chain,socket,202,4,2364.92
Chain,socket,202,8,29.16
Chain,socket,202,16,30.00
Chain,socket,202,32,35.32
Chain,socket,202,64,35.36
Chain,socket,202,128,40.86
Chain,socket,202,256,41.73
Chain,socket,202,512,47.67
Chain,socket,202,1024,52.17
Chain,socket,202,2048,69.86
Chain,socket,202,4096,88.52
Chain,socket,202,8192,132.92
Chain,socket,202,16384,1022.35
Chain,socket,202,32768,2198.79
Chain,socket,202,65536,1299.55
Chain,socket,202,131072,2584.65
Chain,socket,206,#,OSU
Chain,socket,206,#,Datatype:
Chain,socket,206,#,Size
Chain,socket,206,1,36.25
Chain,socket,206,2,34.03
Chain,socket,206,4,31.26
Chain,socket,206,8,30.30
Chain,socket,206,16,41.28
Chain,socket,206,32,37.10
Chain,socket,206,64,931.62
Chain,socket,206,128,2118.63
Chain,socket,206,256,1577.08
Chain,socket,206,512,222.78
Chain,socket,206,1024,52.86
Chain,socket,206,2048,78.33
Chain,socket,206,4096,91.71
Chain,socket,206,8192,144.75
Chain,socket,206,16384,2099.37
Chain,socket,206,32768,883.97
Chain,socket,206,65536,1574.99
Chain,socket,206,131072,1293.63
Chain,socket,210,#,OSU
Chain,socket,210,#,Datatype:
Chain,socket,210,#,Size
Chain,socket,210,1,144.92
Chain,socket,210,2,1788.74
Chain,socket,210,4,31.11
Chain,socket,210,8,31.22
Chain,socket,210,16,31.27
Chain,socket,210,32,37.35
Chain,socket,210,64,129.81
Chain,socket,210,128,109.95
Chain,socket,210,256,127.91
Chain,socket,210,512,147.37
Chain,socket,210,1024,56.10
Chain,socket,210,2048,113.29
Chain,socket,210,4096,112.89
Chain,socket,210,8192,373.85
Chain,socket,210,16384,584.71
Chain,socket,210,32768,422.11
Chain,socket,210,65536,929.39
Chain,socket,210,131072,4261.55
Chain,socket,214,#,OSU
Chain,socket,214,#,Datatype:
Chain,socket,214,#,Size
Chain,socket,214,1,36.49
Chain,socket,214,2,41.44
Chain,socket,214,4,33.44
Chain,socket,214,8,31.98
Chain,socket,214,16,34.45
Chain,socket,214,32,38.03
Chain,socket,214,64,2971.21
Chain,socket,214,128,243.82
Chain,socket,214,256,203.52
Chain,socket,214,512,54.34
Chain,socket,214,1024,59.00
Chain,socket,214,2048,79.17
Chain,socket,214,4096,98.71
Chain,socket,214,8192,390.34
Chain,socket,214,16384,8791.12
Chain,socket,214,32768,452.67
Chain,socket,214,65536,718.01
Chain,socket,214,131072,1318.43
Chain,socket,218,#,OSU
Chain,socket,218,#,Datatype:
Chain,socket,218,#,Size
Chain,socket,218,1,41.97
Chain,socket,218,2,41.38
Chain,socket,218,4,2644.84
Chain,socket,218,8,2357.14
Chain,socket,218,16,645.53
Chain,socket,218,32,4808.10
Chain,socket,218,64,4995.92
Chain,socket,218,128,6245.75
Chain,socket,218,256,3327.10
Chain,socket,218,512,4958.86
Chain,socket,218,1024,8720.01
Chain,socket,218,2048,79.23
Chain,socket,218,4096,99.69
Chain,socket,218,8192,154.29
Chain,socket,218,16384,6237.27
Chain,socket,218,32768,6273.31
Chain,socket,218,65536,724.92
Chain,socket,218,131072,4015.74
Chain,socket,222,#,OSU
Chain,socket,222,#,Datatype:
Chain,socket,222,#,Size
Chain,socket,222,1,44.64
Chain,socket,222,2,2778.55
Chain,socket,222,4,1954.76
Chain,socket,222,8,507.38
Chain,socket,222,16,69.49
Chain,socket,222,32,1718.22
Chain,socket,222,64,1113.63
Chain,socket,222,128,49.82
Chain,socket,222,256,49.95
Chain,socket,222,512,56.53
Chain,socket,222,1024,62.66
Chain,socket,222,2048,86.07
Chain,socket,222,4096,337.01
Chain,socket,222,8192,725.35
Chain,socket,222,16384,459.03
Chain,socket,222,32768,3395.71
Chain,socket,222,65536,742.88
Chain,socket,222,131072,1711.54
Chain,socket,226,#,OSU
Chain,socket,226,#,Datatype:
Chain,socket,226,#,Size
Chain,socket,226,1,38.80
Chain,socket,226,2,35.55
Chain,socket,226,4,1028.99
Chain,socket,226,8,1312.50
Chain,socket,226,16,442.18
Chain,socket,226,32,71.37
Chain,socket,226,64,38.81
Chain,socket,226,128,71.83
Chain,socket,226,256,65.24
Chain,socket,226,512,91.54
Chain,socket,226,1024,61.30
Chain,socket,226,2048,81.91
Chain,socket,226,4096,101.66
Chain,socket,226,8192,198.61
Chain,socket,226,16384,2074.32
Chain,socket,226,32768,451.34
Chain,socket,226,65536,867.36
Chain,socket,226,131072,1965.89
Chain,socket,230,#,OSU
Chain,socket,230,#,Datatype:
Chain,socket,230,#,Size
Chain,socket,230,1,465.18
Chain,socket,230,2,614.40
Chain,socket,230,4,33.10
Chain,socket,230,8,35.02
Chain,socket,230,16,33.54
Chain,socket,230,32,48.98
Chain,socket,230,64,41.67
Chain,socket,230,128,127.31
Chain,socket,230,256,62.74
Chain,socket,230,512,93.59
Chain,socket,230,1024,61.48
Chain,socket,230,2048,83.16
Chain,socket,230,4096,153.53
Chain,socket,230,8192,162.61
Chain,socket,230,16384,1353.02
Chain,socket,230,32768,667.70
Chain,socket,230,65536,922.19
Chain,socket,230,131072,2056.79
Chain,socket,234,#,OSU
Chain,socket,234,#,Datatype:
Chain,socket,234,#,Size
Chain,socket,234,1,42.22
Chain,socket,234,2,38.04
Chain,socket,234,4,1391.57
Chain,socket,234,8,366.71
Chain,socket,234,16,32.68
Chain,socket,234,32,281.49
Chain,socket,234,64,176.54
Chain,socket,234,128,49.20
Chain,socket,234,256,177.25
Chain,socket,234,512,57.85
Chain,socket,234,1024,63.85
Chain,socket,234,2048,84.08
Chain,socket,234,4096,105.71
Chain,socket,234,8192,187.63
Chain,socket,234,16384,382.10
Chain,socket,234,32768,548.57
Chain,socket,234,65536,901.86
Chain,socket,234,131072,1386.62
Chain,socket,238,#,OSU
Chain,socket,238,#,Datatype:
Chain,socket,238,#,Size
Chain,socket,238,1,46.08
Chain,socket,238,2,974.85
Chain,socket,238,4,33.80
Chain,socket,238,8,34.19
Chain,socket,238,16,1379.69
Chain,socket,238,32,286.19
Chain,socket,238,64,4469.47
Chain,socket,238,128,48.99
Chain,socket,238,256,50.90
Chain,socket,238,512,59.31
Chain,socket,238,1024,63.31
Chain,socket,238,2048,471.71
Chain,socket,238,4096,110.59
Chain,socket,238,8192,167.61
Chain,socket,238,16384,354.64
Chain,socket,238,32768,736.09
Chain,socket,238,65536,805.02
Chain,socket,238,131072,1423.88
Chain,socket,242,#,OSU
Chain,socket,242,#,Datatype:
Chain,socket,242,#,Size
Chain,socket,242,1,40.23
Chain,socket,242,2,1366.37
Chain,socket,242,4,331.88
Chain,socket,242,8,39.00
Chain,socket,242,16,37.19
Chain,socket,242,32,492.82
Chain,socket,242,64,2375.47
Chain,socket,242,128,51.15
Chain,socket,242,256,142.42
Chain,socket,242,512,154.91
Chain,socket,242,1024,62.83
Chain,socket,242,2048,86.52
Chain,socket,242,4096,109.43
Chain,socket,242,8192,296.74
Chain,socket,242,16384,437.59
Chain,socket,242,32768,543.97
Chain,socket,242,65536,3032.82
Chain,socket,242,131072,1518.89
Chain,socket,246,#,OSU
Chain,socket,246,#,Datatype:
Chain,socket,246,#,Size
Chain,socket,246,1,118.30
Chain,socket,246,2,599.00
Chain,socket,246,4,168.69
Chain,socket,246,8,48.90
Chain,socket,246,16,41.13
Chain,socket,246,32,128.76
Chain,socket,246,64,131.45
Chain,socket,246,128,69.81
Chain,socket,246,256,66.95
Chain,socket,246,512,71.94
Chain,socket,246,1024,118.85
Chain,socket,246,2048,100.07
Chain,socket,246,4096,242.97
Chain,socket,246,8192,167.89
Chain,socket,246,16384,1836.42
Chain,socket,246,32768,5529.89
Chain,socket,246,65536,1175.24
Chain,socket,246,131072,1549.11
Chain,socket,250,#,OSU
Chain,socket,250,#,Datatype:
Chain,socket,250,#,Size
Chain,socket,250,1,50.45
Chain,socket,250,2,6385.58
Chain,socket,250,4,6465.83
Chain,socket,250,8,6543.60
Chain,socket,250,16,6555.93
Chain,socket,250,32,6695.30
Chain,socket,250,64,45.03
Chain,socket,250,128,53.14
Chain,socket,250,256,54.53
Chain,socket,250,512,60.82
Chain,socket,250,1024,68.17
Chain,socket,250,2048,90.38
Chain,socket,250,4096,111.59
Chain,socket,250,8192,165.56
Chain,socket,250,16384,316.83
Chain,socket,250,32768,501.15
Chain,socket,250,65536,821.83
Chain,socket,250,131072,1459.25
Chain,socket,254,#,OSU
Chain,socket,254,#,Datatype:
Chain,socket,254,#,Size
Chain,socket,254,1,591.67
Chain,socket,254,2,2624.79
Chain,socket,254,4,391.56
Chain,socket,254,8,78.27
Chain,socket,254,16,36.63
Chain,socket,254,32,44.88
Chain,socket,254,64,63.29
Chain,socket,254,128,212.29
Chain,socket,254,256,51.99
Chain,socket,254,512,61.00
Chain,socket,254,1024,140.29
Chain,socket,254,2048,91.90
Chain,socket,254,4096,157.57
Chain,socket,254,8192,346.77
Chain,socket,254,16384,427.21
Chain,socket,254,32768,848.52
Chain,socket,254,65536,2169.65
Chain,socket,254,131072,1477.31
Chain,socket,256,#,OSU
Chain,socket,256,#,Datatype:
Chain,socket,256,#,Size
Chain,socket,256,1,693.47
Chain,socket,256,2,335.12
Chain,socket,256,4,933.61
Chain,socket,256,8,1205.71
Chain,socket,256,16,135.39
Chain,socket,256,32,32.20
Chain,socket,256,64,39.92
Chain,socket,256,128,141.39
Chain,socket,256,256,46.81
Chain,socket,256,512,57.44
Chain,socket,256,1024,71.40
Chain,socket,256,2048,157.99
Chain,socket,256,4096,879.48
Chain,socket,256,8192,159.52
Chain,socket,256,16384,4753.00
Chain,socket,256,32768,713.58
Chain,socket,256,65536,966.98
Chain,socket,256,131072,1642.61
